{
  "precision@10": 0.9299999999999999,
  "ndcg@10": 0.6788570592482229,
  "mrr@10": 1.0
}